ID,Godzina rozpoczęcia,Godzina ukończenia,Adres e-mail,Nazwa,Język,"Jakie jest Twoje doświadczenie z techniką oświetleniową, realizacją sceny lub profesjonalną produkcją muzyczną?","Jak często bywasz na koncertach z profesjonalnym oświetleniem?
",Synchronizacja rytmiczna (precyzja reakcji na uderzenia i akcenty),Oddanie dynamiki (adekwatna reakcja na ciche oraz głośne momenty),Reakcja na strukturę utworu (np. zmiana światła przy wejściu refrenu),Adekwatność doboru efektów i kolorów do klimatu gatunku,"Ogólna estetyka, płynność i naturalność wizualna pokazu",Synchronizacja rytmiczna (precyzja reakcji na uderzenia i akcenty)2,Oddanie dynamiki (adekwatna reakcja na ciche oraz głośne momenty)2,Reakcja na strukturę utworu (np. zmiana światła przy wejściu refrenu)2,Adekwatność doboru efektów i kolorów do klimatu gatunku2,"Ogólna estetyka, płynność i naturalność wizualna pokazu2",Synchronizacja rytmiczna (precyzja reakcji na uderzenia i akcenty)3,Oddanie dynamiki (adekwatna reakcja na ciche oraz głośne momenty)3,Reakcja na strukturę utworu (np. zmiana światła przy wejściu refrenu)3,Adekwatność doboru efektów i kolorów do klimatu gatunku3,"Ogólna estetyka, płynność i naturalność wizualna pokazu3",Synchronizacja rytmiczna (precyzja reakcji na uderzenia i akcenty)4,Oddanie dynamiki (adekwatna reakcja na ciche oraz głośne momenty)4,Reakcja na strukturę utworu (np. zmiana światła przy wejściu refrenu)4,Adekwatność doboru efektów i kolorów do klimatu gatunku4,"Ogólna estetyka, płynność i naturalność wizualna pokazu4",Synchronizacja rytmiczna (precyzja reakcji na uderzenia i akcenty)5,Oddanie dynamiki (adekwatna reakcja na ciche oraz głośne momenty)5,Reakcja na strukturę utworu (np. zmiana światła przy wejściu refrenu)5,Adekwatność doboru efektów i kolorów do klimatu gatunku5,"Ogólna estetyka, płynność i naturalność wizualna pokazu5",Synchronizacja rytmiczna (precyzja reakcji na uderzenia i akcenty)6,Oddanie dynamiki (adekwatna reakcja na ciche oraz głośne momenty)6,Reakcja na strukturę utworu (np. zmiana światła przy wejściu refrenu)6,Adekwatność doboru efektów i kolorów do klimatu gatunku6,"Ogólna estetyka, płynność i naturalność wizualna pokazu6","Czy zaakceptowałbyś/łabyś takie oświetlenie na prawdziwym koncercie w małym klubie?
","Dodatkowe uwagi dotyczące zachowania świateł (np. nienaturalne migotanie, wyjątkowo udane przejścia barw)"
1,2026-08-12 12:38:14,2026-08-12 12:49:04,anonymous,,Polski,Profesjonalne (pracuję w branży / realizuję światło lub dźwięk),Przynajmniej raz w miesiącu,2,2,2,2,2,1 - Bardzo słabe,1 - Bardzo słabe,1 - Bardzo słabe,1 - Bardzo słabe,1 - Bardzo słabe,2,2,2,3,2,2,2,2,2,2,2,2,2,2,2,2,2,2,2,2,Raczej nie,
2,2026-08-12 12:39:46,2026-08-12 12:49:21,anonymous,,Polski,Profesjonalne (pracuję w branży / realizuję światło lub dźwięk),Przynajmniej raz w miesiącu,4,4,4,3,4,4,4,4,4,4,4,4,4,4,4,4,4,4,4,4,4,4,4,4,4,4,4,4,4,4,Raczej tak,
3,2026-08-12 12:48:03,2026-08-12 12:50:42,anonymous,,Polski,"Hobbystyczne lub teoretyczne (interesuję się tym, mam podstawową wiedzę)",Kilka razy w roku,3,2,4,4,2,2,1 - Bardzo słabe,3,4,3,2,3,2,3,3,2,3,3,4,4,3,3,3,3,3,3,3,3,3,3,Raczej tak,
4,2026-08-12 12:47:05,2026-08-12 12:52:28,anonymous,,Polski,Profesjonalne (pracuję w branży / realizuję światło lub dźwięk),Przynajmniej raz w miesiącu,4,3,4,2,2,4,3,2,2,2,2,2,2,2,2,2,3,2,1 - Bardzo słabe,2,4,3,3,3,3,4,4,3,4,3,Raczej nie,"Za szybko się zmieniają efekty, źle dobrane kolory do muzyki, lekko spóźnione efekty, wygląda to jak niepewny realizator światła który do końca nie wie jakie ma efekty, i zmienia za szybko na inny efekt "
5,2026-08-12 12:46:29,2026-08-12 12:57:02,anonymous,,Polski,"Hobbystyczne lub teoretyczne (interesuję się tym, mam podstawową wiedzę)",Rzadziej niż raz w roku,4,2,5 - Znakomite,3,4,1 - Bardzo słabe,2,2,3,3,5 - Znakomite,5 - Znakomite,4,4,5 - Znakomite,4,4,4,4,5 - Znakomite,4,4,4,5 - Znakomite,5 - Znakomite,5 - Znakomite,4,5 - Znakomite,4,5 - Znakomite,Tak,Zauważalne opóźnienia w przechodzeniu pomiędzy efektami
6,2026-08-12 13:00:26,2026-08-12 13:06:32,anonymous,,English (United Kingdom)‎,Profesjonalne (pracuję w branży / realizuję światło lub dźwięk),Kilka razy w roku,2,3,2,1 - Bardzo słabe,2,2,1 - Bardzo słabe,2,1 - Bardzo słabe,1 - Bardzo słabe,1 - Bardzo słabe,2,2,3,2,3,2,3,1 - Bardzo słabe,2,2,2,3,2,2,3,2,2,3,2,Nie,It didn’t stick to its gut and over lit it
7,2026-08-12 13:05:56,2026-08-12 13:20:26,anonymous,,Polski,"Hobbystyczne lub teoretyczne (interesuję się tym, mam podstawową wiedzę)",Kilka razy w roku,2,2,1 - Bardzo słabe,4,2,4,4,3,2,4,2,1 - Bardzo słabe,3,4,2,2,3,3,3,2,5 - Znakomite,4,4,3,4,3,3,5 - Znakomite,4,3,Raczej nie,"Na praktycznie wszystkich widać znaczące opóźnienie miedzy beatem a reakcją świateł. Wszystkie efekty też są bardzo łagodne, płynne (np. przy thunderstruck brakuje takich gwałtowniejszych ruchów świateł odpowiadających by dynamice danej piosenki)"
8,2026-08-12 13:22:26,2026-08-12 13:35:51,anonymous,,Polski,Brak (jestem po prostu odbiorcą / widzem),Kilka razy w roku,4,5 - Znakomite,3,4,4,4,3,3,3,4,3,4,5 - Znakomite,5 - Znakomite,5 - Znakomite,4,3,4,4,5 - Znakomite,4,4,5 - Znakomite,5 - Znakomite,5 - Znakomite,4,5 - Znakomite,3,4,4,Tak,"Prawidłowa reakcja na większość sygnałów, ale reakcja na powtarzalne sygnały (np. Uderzenia perkusji) potrafi być różna blisko siebie. Zadziwiająco dobrze wychodzą przejścia w refren albo zwrotkę."
9,2026-08-12 13:30:40,2026-08-12 13:39:13,anonymous,,English (United Kingdom)‎,"Hobbystyczne lub teoretyczne (interesuję się tym, mam podstawową wiedzę)",Rzadziej niż raz w roku,5 - Znakomite,4,4,5 - Znakomite,5 - Znakomite,3,4,3,5 - Znakomite,4,5 - Znakomite,5 - Znakomite,4,5 - Znakomite,5 - Znakomite,5 - Znakomite,5 - Znakomite,4,5 - Znakomite,5 - Znakomite,4,4,4,5 - Znakomite,4,1 - Bardzo słabe,2,2,3,3,Tak,
10,2026-08-12 14:19:51,2026-08-12 14:26:46,anonymous,,Polski,Profesjonalne (pracuję w branży / realizuję światło lub dźwięk),Kilka razy w roku,1 - Bardzo słabe,1 - Bardzo słabe,2,2,2,1 - Bardzo słabe,1 - Bardzo słabe,1 - Bardzo słabe,2,2,2,2,3,3,3,1 - Bardzo słabe,1 - Bardzo słabe,2,2,2,3,3,3,4,3,1 - Bardzo słabe,1 - Bardzo słabe,2,2,2,Raczej tak,"Gubi się trochę jakby dopracować bardziej płynność tego, zdecydowanie poszedłbym w stronę mniej efektów więcej jakości żeby to dobrze działało. Jakby trochę dopracować to na jakieś małe imprezy tak zwane „bez budżetowe” używałbym tego."
11,2026-08-12 14:35:01,2026-08-12 14:41:09,anonymous,,Polski,Profesjonalne (pracuję w branży / realizuję światło lub dźwięk),Przynajmniej raz w miesiącu,3,3,4,2,2,4,3,2,3,3,4,3,4,4,4,4,4,4,4,4,5 - Znakomite,5 - Znakomite,5 - Znakomite,5 - Znakomite,5 - Znakomite,4,4,4,4,4,Raczej tak,
12,2026-08-12 14:38:57,2026-08-12 14:42:16,anonymous,,Polski,Profesjonalne (pracuję w branży / realizuję światło lub dźwięk),Przynajmniej raz w miesiącu,3,4,2,3,2,4,3,4,2,2,4,3,3,3,2,4,3,4,3,2,4,3,3,2,2,4,3,4,3,2,Raczej tak,
13,2026-08-12 14:36:15,2026-08-12 14:45:41,anonymous,,Polski,"Hobbystyczne lub teoretyczne (interesuję się tym, mam podstawową wiedzę)",Kilka razy w roku,3,3,3,2,2,2,3,2,3,3,2,3,4,4,3,2,2,2,2,2,2,4,4,4,3,2,3,3,4,3,Raczej tak,
14,2026-08-12 14:55:36,2026-08-12 15:01:32,anonymous,,Polski,"Hobbystyczne lub teoretyczne (interesuję się tym, mam podstawową wiedzę)",Kilka razy w roku,2,2,1 - Bardzo słabe,3,1 - Bardzo słabe,1 - Bardzo słabe,1 - Bardzo słabe,1 - Bardzo słabe,2,1 - Bardzo słabe,1 - Bardzo słabe,1 - Bardzo słabe,1 - Bardzo słabe,1 - Bardzo słabe,1 - Bardzo słabe,3,1 - Bardzo słabe,1 - Bardzo słabe,2,1 - Bardzo słabe,3,1 - Bardzo słabe,2,2,1 - Bardzo słabe,2,1 - Bardzo słabe,1 - Bardzo słabe,1 - Bardzo słabe,1 - Bardzo słabe,Nie,
15,2026-08-12 15:27:48,2026-08-12 15:34:34,anonymous,,Polski,Brak (jestem po prostu odbiorcą / widzem),Rzadziej niż raz w roku,1 - Bardzo słabe,2,3,3,2,2,3,3,3,2,3,3,4,3,2,3,3,3,3,2,4,4,3,3,3,3,3,4,3,4,Raczej tak,
16,2026-08-12 15:21:40,2026-08-12 15:36:20,anonymous,,English (United Kingdom)‎,Profesjonalne (pracuję w branży / realizuję światło lub dźwięk),Przynajmniej raz w miesiącu,2,3,2,3,2,2,2,1 - Bardzo słabe,2,2,1 - Bardzo słabe,2,2,3,2,2,2,2,2,2,3,3,2,2,2,2,2,3,3,2,Nie,"Song structures and timings seem to be off. You could propably give the ai 10-20ms more time to think since light travels fast. 

Algorithm doesnt seem to undestand song structure and does way too much too early or too late. Most of the songs have 8 or 16 bar sections and you could train the ai to stick to one thing for one part. Accents were off in the most parts. It could just follow the snare and bass drum. If this would work it would be perfect for night clubs. In a live setting it propably wouldnt work."
17,2026-08-12 15:31:41,2026-08-12 15:38:12,anonymous,,Polski,Profesjonalne (pracuję w branży / realizuję światło lub dźwięk),Przynajmniej raz w miesiącu,5 - Znakomite,3,3,4,4,4,5 - Znakomite,4,3,2,5 - Znakomite,4,5 - Znakomite,5 - Znakomite,3,5 - Znakomite,5 - Znakomite,5 - Znakomite,5 - Znakomite,4,5 - Znakomite,4,4,3,2,5 - Znakomite,4,4,3,5 - Znakomite,Raczej tak,Duża powtarzalność 
18,2026-08-12 15:32:23,2026-08-12 15:40:05,anonymous,,Polski,Profesjonalne (pracuję w branży / realizuję światło lub dźwięk),Przynajmniej raz w miesiącu,5 - Znakomite,4,2,4,2,5 - Znakomite,4,2,2,3,5 - Znakomite,4,4,4,4,5 - Znakomite,5 - Znakomite,4,4,4,5 - Znakomite,5 - Znakomite,5 - Znakomite,4,5 - Znakomite,5 - Znakomite,4,3,3,3,Raczej tak,mało naturalne zmiany kolorów w nieodpowiednich momentach- zazwyczaj zbyt szybkie do wejścia refrentu
19,2026-08-12 15:39:03,2026-08-12 15:41:53,anonymous,,Polski,Profesjonalne (pracuję w branży / realizuję światło lub dźwięk),Przynajmniej raz w miesiącu,3,1 - Bardzo słabe,2,3,2,3,4,3,2,3,2,2,2,1 - Bardzo słabe,2,3,3,2,3,3,3,2,2,3,3,3,3,2,4,3,Nie,
20,2026-08-12 15:37:05,2026-08-12 15:45:41,anonymous,,Polski,Profesjonalne (pracuję w branży / realizuję światło lub dźwięk),Przynajmniej raz w miesiącu,3,4,2,3,3,4,1 - Bardzo słabe,1 - Bardzo słabe,4,2,2,2,4,3,2,2,3,1 - Bardzo słabe,5 - Znakomite,2,3,2,3,2,1 - Bardzo słabe,2,1 - Bardzo słabe,4,3,3,Raczej nie,Bardzo mało ruchu na scenie
21,2026-08-12 13:56:04,2026-08-12 15:49:10,anonymous,,Polski,Profesjonalne (pracuję w branży / realizuję światło lub dźwięk),Kilka razy w roku,4,4,3,4,4,4,5 - Znakomite,2,3,4,2,4,4,3,4,5 - Znakomite,2,3,2,2,4,3,2,2,1 - Bardzo słabe,3,2,1 - Bardzo słabe,2,1 - Bardzo słabe,Raczej nie,"No dobra, to lecimy najpierw z uwagami ogólnymi:
- brak konsekwencji w wyborze przede wszystkim kolorów, ale też efektów. Zmiany w środku sekcji (np. refrenu), zupełnie niespodziewane
- niektóre zmiany wyglądają na nieprzemyślane, inne spóźnione o 10 sekund (szczególnie solidnie po wejściu w refren)
- często reakcja na wejście kolejnej sekcji (refrenu, przerywnika, outro) jest za słaba lub całkiem jej nie ma
- całkiem niezłe trzymanie się rytmu piosenki, reakcja na akcenty do dopracowania, ale jest nieźle

Uwagi do konkretnych sampli:
Sample 1 - trochę spóźnionych lub losowych zmian kolorów i/lub animacji 
Sample 2 - wejście w refren fajnie, tylko że po 3 sekundach efekt jest zatrzymany. No i w środku refrenu całkowita zmiana koncepcji z dupy.
Sample 3 - nagłe zatrzymanie ruchu w 11 sekundzie. Nienaturalna zmiana kolorów na różowy, w środku zwrotki. Nieregularne akcenty w jasności świateł, raz jest akcent, raz nie ma. Za to początek bardzo fajny, blindery ekstra! Gdyby akcenty intensity były równo i konsekwentnie to efekt byłby znacznie lepszy, bo to jedyny rzucający się w oczy element który zaburza ogólną konsekwencję w koncepcji (poza losowym różowym w środku zwrotki)
Sample 4 - pre-chorus ekstra, a potem zupełny brak reakcji na chorus przez kilka sekund. Zmiany w kolorach niekonsekwentne, podejmowane w środku refrenu. Dobrze że pod koniec wyłączone animacje ruchu i jasności. Fade out jakiś taki nieregularny, jakby ktoś z drgawkami fader przesuwał w dół.
Sample 5 - koło 8 sekundy mikro pauza w animacji, poza tym brak uwag do pierwszej połowy nagrania - to wyszło bardzo fajnie, gdyby ktoś tak zrealizował światło w klubie to byłbym zadowolony. W drugiej części natomiast wygląda to tak, jakby do realizatora przyszedł właściciel lokalu i nakazał kończyć imprezę - zupełnie nieadekwatna, całkowita zmiana koncepcji. No i na zwieńczenie zmiana koloru w losowym momencie.
Sample 6 - Kolory zmieniają się szybciej niż w kolorofonie XD Całkowity brak konsekwencji m.in. w doborze kolorów burzy cały odbiór. A wystarczyło trzymać się jednej koncepcji, bo w gruncie rzeczy dynamika w tym fragmencie utworu jest względnie stała.

Ogólnie jest w czym rzeźbić, ale do produktu finalnego daleko"
22,2026-08-12 16:42:30,2026-08-12 16:47:32,anonymous,,Polski,Profesjonalne (pracuję w branży / realizuję światło lub dźwięk),Przynajmniej raz w miesiącu,2,2,2,1 - Bardzo słabe,2,2,2,1 - Bardzo słabe,2,2,2,2,1 - Bardzo słabe,1 - Bardzo słabe,2,2,2,1 - Bardzo słabe,1 - Bardzo słabe,2,2,2,1 - Bardzo słabe,1 - Bardzo słabe,2,3,2,2,1 - Bardzo słabe,2,Raczej nie,
23,2026-08-12 16:35:48,2026-08-12 16:58:17,anonymous,,Polski,Brak (jestem po prostu odbiorcą / widzem),Kilka razy w roku,4,4,5 - Znakomite,5 - Znakomite,3,5 - Znakomite,4,3,5 - Znakomite,4,5 - Znakomite,5 - Znakomite,4,5 - Znakomite,5 - Znakomite,4,3,4,5 - Znakomite,5 - Znakomite,5 - Znakomite,5 - Znakomite,5 - Znakomite,5 - Znakomite,5 - Znakomite,5 - Znakomite,5 - Znakomite,5 - Znakomite,3,5 - Znakomite,Tak,W niektórych piosenkach ruchy świateł były trochę nie w punkt tzn. Zmieniały się trochę za późno albo za wcześnie. Czasami kolory nie zgadzały się z nastrojem reprezentowanym przez dany utwór 
24,2026-08-12 17:16:26,2026-08-12 17:32:29,anonymous,,Polski,Brak (jestem po prostu odbiorcą / widzem),Kilka razy w roku,4,2,2,3,3,2,1 - Bardzo słabe,1 - Bardzo słabe,2,2,4,4,4,5 - Znakomite,4,5 - Znakomite,4,5 - Znakomite,4,4,5 - Znakomite,5 - Znakomite,5 - Znakomite,4,5 - Znakomite,5 - Znakomite,5 - Znakomite,4,5 - Znakomite,5 - Znakomite,Raczej tak,"Za dużo żółtego- kolor ewidentnie nie pasował do większości utworów a przynajmniej nie powinien dominować. Przy bardziej energicznej muzyce przydało by się bardziej energiczne miganie/zmiana świateł lub ich umożenia (żeby trochę bardziej oddać energię utworu - zwłaszcza w pierwszych filmikach), chociaż przy ac/dc było dobrze 👍🏻 "
25,2026-08-12 17:26:23,2026-08-12 17:33:32,anonymous,,English (United Kingdom)‎,Profesjonalne (pracuję w branży / realizuję światło lub dźwięk),Kilka razy w roku,2,2,3,1 - Bardzo słabe,2,3,2,2,1 - Bardzo słabe,2,3,3,2,3,2,2,3,2,2,2,2,3,3,2,3,3,3,3,2,2,Raczej tak,Movement in position changes not matching the vibe 
26,2026-08-12 17:25:47,2026-08-12 17:34:06,anonymous,,Polski,Profesjonalne (pracuję w branży / realizuję światło lub dźwięk),Przynajmniej raz w miesiącu,5 - Znakomite,3,4,5 - Znakomite,3,2,3,3,4,4,5 - Znakomite,3,4,5 - Znakomite,4,4,2,3,3,3,4,3,4,5 - Znakomite,5 - Znakomite,5 - Znakomite,4,5 - Znakomite,5 - Znakomite,4,Raczej nie,"W myśl powiedzenia ""czasem mniej znaczy więcej"" - nie zawsze wszystko musi palić na pełnej :) niekiedy np zamiast stompa spoty mogłyby zwyczajnie zgasnąć. Podoba mi się reakcja blinderow "
27,2026-08-12 17:21:38,2026-08-12 17:47:43,anonymous,,Polski,"Hobbystyczne lub teoretyczne (interesuję się tym, mam podstawową wiedzę)",Kilka razy w roku,2,4,4,3,3,5 - Znakomite,4,4,4,4,3,4,5 - Znakomite,2,3,3,5 - Znakomite,4,3,4,5 - Znakomite,4,5 - Znakomite,3,4,4,4,2,4,3,Tak,"wykrywanie początku refrenu działa fajnie, ale bywają niepotrzebne przejścia przed jego końcem"
28,2026-08-12 17:54:10,2026-08-12 17:59:05,anonymous,,Polski,Profesjonalne (pracuję w branży / realizuję światło lub dźwięk),Przynajmniej raz w miesiącu,1 - Bardzo słabe,2,2,2,1 - Bardzo słabe,2,2,2,2,2,2,2,2,2,2,3,2,2,2,2,1 - Bardzo słabe,1 - Bardzo słabe,1 - Bardzo słabe,1 - Bardzo słabe,1 - Bardzo słabe,1 - Bardzo słabe,1 - Bardzo słabe,1 - Bardzo słabe,1 - Bardzo słabe,1 - Bardzo słabe,Nie,Niestety wszystko wygląda ekstremalnie przypadkowo i słabo
29,2026-08-12 17:52:45,2026-08-12 18:05:41,anonymous,,Polski,Profesjonalne (pracuję w branży / realizuję światło lub dźwięk),Przynajmniej raz w miesiącu,2,2,1 - Bardzo słabe,1 - Bardzo słabe,2,1 - Bardzo słabe,2,1 - Bardzo słabe,1 - Bardzo słabe,1 - Bardzo słabe,1 - Bardzo słabe,1 - Bardzo słabe,1 - Bardzo słabe,1 - Bardzo słabe,1 - Bardzo słabe,2,2,2,1 - Bardzo słabe,1 - Bardzo słabe,1 - Bardzo słabe,1 - Bardzo słabe,1 - Bardzo słabe,1 - Bardzo słabe,1 - Bardzo słabe,2,2,1 - Bardzo słabe,1 - Bardzo słabe,1 - Bardzo słabe,Nie,"Wielki chaos, nic nie wynika z niczego, brak spójności, ciągłości, brak pomysłu na oddanie klimatu utworu, zmiany w losowych chwilach utworu, brak oddania i brak podkreślenia formy i danych fraz utworu, jedne i te same efekty na wszystkich pokazach, brak wykorzystania pełnej funkcjonalności urządzeń, "
30,2026-08-12 19:05:05,2026-08-12 19:20:39,anonymous,,Polski,Profesjonalne (pracuję w branży / realizuję światło lub dźwięk),Przynajmniej raz w miesiącu,4,4,4,5 - Znakomite,4,1 - Bardzo słabe,2,1 - Bardzo słabe,2,2,5 - Znakomite,5 - Znakomite,5 - Znakomite,5 - Znakomite,5 - Znakomite,4,4,5 - Znakomite,5 - Znakomite,5 - Znakomite,5 - Znakomite,5 - Znakomite,4,3,4,2,1 - Bardzo słabe,1 - Bardzo słabe,1 - Bardzo słabe,1 - Bardzo słabe,Tak,"W utworach z nieoczywistym czy nieczytelnym schematem rytmicznym program potrafił się zgubić, ale nawet wtedy uzyskany efekt wizualny wyszedł lepiej niż z rąk żywego realizatora oświetlenia z małym doświadczeniem."
31,2026-08-12 19:31:52,2026-08-12 19:37:59,anonymous,,English (United Kingdom)‎,Profesjonalne (pracuję w branży / realizuję światło lub dźwięk),Przynajmniej raz w miesiącu,5 - Znakomite,2,4,1 - Bardzo słabe,2,2,2,3,2,1 - Bardzo słabe,1 - Bardzo słabe,4,1 - Bardzo słabe,1 - Bardzo słabe,1 - Bardzo słabe,4,5 - Znakomite,1 - Bardzo słabe,2,1 - Bardzo słabe,1 - Bardzo słabe,1 - Bardzo słabe,1 - Bardzo słabe,1 - Bardzo słabe,1 - Bardzo słabe,5 - Znakomite,4,5 - Znakomite,3,3,Raczej nie,
32,2026-08-12 20:19:41,2026-08-12 20:23:03,anonymous,,Polski,Profesjonalne (pracuję w branży / realizuję światło lub dźwięk),Przynajmniej raz w miesiącu,5 - Znakomite,4,4,3,4,5 - Znakomite,2,5 - Znakomite,5 - Znakomite,5 - Znakomite,5 - Znakomite,5 - Znakomite,5 - Znakomite,5 - Znakomite,5 - Znakomite,5 - Znakomite,5 - Znakomite,5 - Znakomite,5 - Znakomite,5 - Znakomite,4,4,4,5 - Znakomite,4,4,5 - Znakomite,5 - Znakomite,5 - Znakomite,5 - Znakomite,Raczej tak,
33,2026-08-12 20:27:59,2026-08-12 20:35:43,anonymous,,Polski,Profesjonalne (pracuję w branży / realizuję światło lub dźwięk),Kilka razy w roku,4,3,4,4,4,3,2,2,2,2,3,4,3,4,4,3,4,5 - Znakomite,5 - Znakomite,4,4,4,4,4,4,3,2,2,3,3,Raczej tak,"Program niestety często się gubi, zazwyczaj w taki sposób że poprawnie reaguje na zmianę w utworze ale szybko ""zmienia zdanie""."
34,2026-08-12 22:28:49,2026-08-12 23:16:12,anonymous,,Polski,Brak (jestem po prostu odbiorcą / widzem),Rzadziej niż raz w roku,4,2,3,3,3,3,3,2,3,4,3,4,4,5 - Znakomite,4,3,5 - Znakomite,5 - Znakomite,5 - Znakomite,5 - Znakomite,5 - Znakomite,5 - Znakomite,4,5 - Znakomite,5 - Znakomite,5 - Znakomite,5 - Znakomite,5 - Znakomite,5 - Znakomite,5 - Znakomite,Tak,
35,2026-08-12 23:06:16,2026-08-12 23:16:23,anonymous,,Polski,Profesjonalne (pracuję w branży / realizuję światło lub dźwięk),Przynajmniej raz w miesiącu,2,2,3,5 - Znakomite,3,2,1 - Bardzo słabe,1 - Bardzo słabe,1 - Bardzo słabe,1 - Bardzo słabe,4,5 - Znakomite,4,5 - Znakomite,4,3,3,3,2,2,4,3,4,3,4,1 - Bardzo słabe,1 - Bardzo słabe,1 - Bardzo słabe,3,2,Raczej tak,"nagłe zmiany kolorów - lepiej zostawić jedną paletę niż nagle zmienić bez żadnego przejścia, używanie wszystkich urządzeń na raz, opóźnione reakcje na zmiany rytmiki"
36,2026-08-13 00:01:26,2026-08-13 00:30:49,anonymous,,Polski,"Hobbystyczne lub teoretyczne (interesuję się tym, mam podstawową wiedzę)",Kilka razy w roku,3,2,3,2,2,4,3,3,3,4,4,4,4,3,4,4,4,5 - Znakomite,5 - Znakomite,4,5 - Znakomite,5 - Znakomite,5 - Znakomite,3,4,4,5 - Znakomite,5 - Znakomite,5 - Znakomite,5 - Znakomite,Raczej tak,"Światła i ich ruch na filmikach klatkują (być może jest to kwestia formsów). Uważam że jest zbyt duża nadreprezentacja barw z grupy: pomarańczowy, czerwony, żółty, itd.; przy jednoczesnym niedoreprezentowaniu barw z grupy: magenta, fiolet, zieleń, cyan, niebieski, itd. Przy części utworów uważam że na dobre by wyszło gdyby właśnie zmienić te pierwsze ostre i wyraziste barwy, na te drugie łagodniejsze. "
37,2026-08-12 23:16:13,2026-08-13 00:42:41,anonymous,,Polski,Profesjonalne (pracuję w branży / realizuję światło lub dźwięk),Przynajmniej raz w miesiącu,2,3,2,2,2,1 - Bardzo słabe,2,3,2,1 - Bardzo słabe,3,3,2,3,3,3,2,3,3,3,3,2,3,2,3,3,3,2,1 - Bardzo słabe,2,Raczej nie,"dla wprawionego oka nie do przejścia, dla zwykłego tłumu może być po prostu męczące, zbyt mechaniczne, i bezsensowne zmiany koloru. rytmika w miarę ok (chociaż w filmach było pewnie przesunięcie względem ścieżki dźwiękowej).
do ustawienia ręcznego możnaby wprowadzić tego typu zmiany pulsacji wobec rytmu, albo po prostu lepsze ręczne ustawienia wstępne zrobić??"
38,2026-08-13 00:49:08,2026-08-13 01:00:03,anonymous,,Polski,"Hobbystyczne lub teoretyczne (interesuję się tym, mam podstawową wiedzę)",Kilka razy w roku,2,4,4,5 - Znakomite,3,3,3,4,5 - Znakomite,4,3,4,4,5 - Znakomite,4,2,3,3,5 - Znakomite,4,4,5 - Znakomite,5 - Znakomite,5 - Znakomite,4,3,3,4,4,4,Raczej tak,
39,2026-08-13 01:02:48,2026-08-13 01:18:11,anonymous,,English (United Kingdom)‎,"Hobbystyczne lub teoretyczne (interesuję się tym, mam podstawową wiedzę)",Rzadziej niż raz w roku,3,4,3,4,4,2,4,4,3,3,5 - Znakomite,5 - Znakomite,5 - Znakomite,5 - Znakomite,5 - Znakomite,5 - Znakomite,5 - Znakomite,5 - Znakomite,5 - Znakomite,5 - Znakomite,3,3,3,3,3,5 - Znakomite,5 - Znakomite,5 - Znakomite,5 - Znakomite,5 - Znakomite,Raczej tak,I love it when all the lights synchronously change where they’re pointing.
40,2026-08-13 05:10:15,2026-08-13 05:16:44,anonymous,,Polski,Profesjonalne (pracuję w branży / realizuję światło lub dźwięk),Przynajmniej raz w miesiącu,4,3,3,2,3,2,2,2,2,2,3,3,3,3,3,3,2,2,2,2,3,2,2,2,2,3,2,2,2,2,Raczej tak,Dobra synchronizacja z akcentami. Za dużo mieszania ruchu i kolorów w jednym kawałku. 
41,2026-08-13 07:07:16,2026-08-13 07:15:41,anonymous,,English (United Kingdom)‎,Profesjonalne (pracuję w branży / realizuję światło lub dźwięk),Kilka razy w roku,3,3,3,3,3,1 - Bardzo słabe,3,2,2,1 - Bardzo słabe,4,3,3,2,3,3,3,3,3,3,4,4,3,4,4,3,3,3,4,3,Raczej tak,
42,2026-08-13 07:10:55,2026-08-13 07:20:32,anonymous,,Polski,Brak (jestem po prostu odbiorcą / widzem),Kilka razy w roku,4,4,3,4,4,4,3,3,2,3,3,4,4,4,4,4,4,4,4,4,5 - Znakomite,5 - Znakomite,5 - Znakomite,5 - Znakomite,5 - Znakomite,5 - Znakomite,5 - Znakomite,5 - Znakomite,5 - Znakomite,5 - Znakomite,Tak,Dwie ostatnie próbki były super - dużo się działo i oświetlenie fajnie pracowało z muzyką
43,2026-08-13 08:32:09,2026-08-13 08:45:03,anonymous,,Polski,Profesjonalne (pracuję w branży / realizuję światło lub dźwięk),Przynajmniej raz w miesiącu,1 - Bardzo słabe,2,1 - Bardzo słabe,2,1 - Bardzo słabe,2,2,1 - Bardzo słabe,3,2,2,3,3,2,2,1 - Bardzo słabe,1 - Bardzo słabe,2,1 - Bardzo słabe,1 - Bardzo słabe,2,3,2,3,2,2,2,2,3,2,Nie,
44,2026-08-13 08:42:15,2026-08-13 08:53:05,anonymous,,Polski,Profesjonalne (pracuję w branży / realizuję światło lub dźwięk),Przynajmniej raz w miesiącu,3,2,3,3,3,2,3,3,3,3,3,2,3,3,3,3,3,3,4,4,4,4,4,3,4,3,3,3,3,3,Raczej nie,"Brak żywości i naturalności, przez co widać brak spójności z utworem. Nie widać zbytnio zmian pomiędzy tymi filmikami jedynie parę różnic w kolorze i układzie, brakuje reakcji na konkretne fragmenty utworu. Kolorystyka to dosyć subiektywna sprawa mi np. do AC/DC bardziej czerwony pasuje."
45,2026-08-13 10:07:18,2026-08-13 10:15:10,anonymous,,Polski,Brak (jestem po prostu odbiorcą / widzem),Kilka razy w roku,3,2,4,4,3,1 - Bardzo słabe,1 - Bardzo słabe,2,4,1 - Bardzo słabe,4,4,4,5 - Znakomite,4,3,3,3,4,4,4,4,5 - Znakomite,5 - Znakomite,4,4,4,4,4,4,Raczej tak,
46,2026-08-13 20:06:22,2026-08-13 20:19:08,anonymous,,Polski,Profesjonalne (pracuję w branży / realizuję światło lub dźwięk),Przynajmniej raz w miesiącu,4,2,2,3,3,1 - Bardzo słabe,2,2,2,1 - Bardzo słabe,3,3,2,3,3,4,3,3,3,3,3,3,3,3,2,4,3,3,1 - Bardzo słabe,2,Raczej tak,Chaos w efektach ruchomych oraz zbyt częsta zmiana barw w jednym utworze.
47,2026-08-13 23:47:26,2026-08-13 23:58:01,anonymous,,Polski,Profesjonalne (pracuję w branży / realizuję światło lub dźwięk),Przynajmniej raz w miesiącu,2,2,4,5 - Znakomite,3,1 - Bardzo słabe,4,4,5 - Znakomite,2,1 - Bardzo słabe,3,1 - Bardzo słabe,1 - Bardzo słabe,2,2,2,1 - Bardzo słabe,1 - Bardzo słabe,2,3,3,3,2,1 - Bardzo słabe,5 - Znakomite,4,4,5 - Znakomite,4,Raczej nie,"Często zmiany są w połowie miary muzycznej i wydają się spóźnione. Brakuje przewidywania w jakim kierunku zmierza utwór - czy się rozkręca, czy wycisza. "
48,2026-08-14 15:39:31,2026-08-14 15:44:34,anonymous,,Polski,"Hobbystyczne lub teoretyczne (interesuję się tym, mam podstawową wiedzę)",Rzadziej niż raz w roku,1 - Bardzo słabe,1 - Bardzo słabe,1 - Bardzo słabe,1 - Bardzo słabe,1 - Bardzo słabe,2,2,1 - Bardzo słabe,1 - Bardzo słabe,1 - Bardzo słabe,3,2,3,2,2,1 - Bardzo słabe,1 - Bardzo słabe,1 - Bardzo słabe,2,1 - Bardzo słabe,2,3,3,2,2,1 - Bardzo słabe,1 - Bardzo słabe,1 - Bardzo słabe,1 - Bardzo słabe,2,Nie,Światła nie są częścią pokazu - poruszają się (jeśli w ogóle) zupełnie oderwanie od muzyki.
49,2026-08-14 22:31:24,2026-08-14 22:58:30,anonymous,,Polski,"Hobbystyczne lub teoretyczne (interesuję się tym, mam podstawową wiedzę)",Kilka razy w roku,4,3,5 - Znakomite,4,4,4,4,5 - Znakomite,4,5 - Znakomite,2,4,5 - Znakomite,4,3,3,3,4,5 - Znakomite,4,5 - Znakomite,5 - Znakomite,5 - Znakomite,4,5 - Znakomite,4,4,2,5 - Znakomite,4,Tak,"Sample 2, 4, 5, uważam, że wyszły genialnie i od razu zapragnąłem odsłuchania całej muzyki ze względu na światła co mpim zdaniem jest bardzo dobrym efektem, co do sampla 2, bardzo podobał mi się koniec i stworzenie tego ""kwiatu lotosu"" na samym środku, światła też uważam, ze idealnie dobrane do utworu, co do thunderstrucka to nie jestem osobiście przekonany, chociaż że tempo i vibe utworu oddałeś dobrze, sample 4 bardzo podobały mi się przejścia między światłami i wydaje mi się, że genialnie by się sprawiły ich ustawienia na koncercie, a co do sample 5 uważam, że bardzo dobra robota z czasowym dobraniem tego, ten moment czekania bez jakichś zmian, bardzo mi się podobał i miałem wrażenie jakby był taki idealny w tym wyczekaniu i taki moment w którym możnaby się nacieszyć chwilą i nie sądziem do tej pory, że brak zmiany w świetle może mi się aż tak podobać. Co do pozostałych, niestety, nie zapadły mi tak bardzo w pamięć jak te 4, więc chyba to znaczy, że nie były dla mnie aż tak wyśmienite, ale ten sample 5 i 2 zrobiły na mnie naprawdę ogromne wrażenie"
50,2026-08-15 14:12:31,2026-08-15 14:18:03,anonymous,,Polski,"Hobbystyczne lub teoretyczne (interesuję się tym, mam podstawową wiedzę)",Kilka razy w roku,3,4,4,4,4,2,2,3,3,4,3,4,4,5 - Znakomite,4,3,4,4,5 - Znakomite,4,3,3,4,4,4,4,4,4,4,5 - Znakomite,Raczej tak,"W nagraniach widać opóźnienie na niektóre zdarzenia, co jest naturalne przy pracy ""na żywo"". To co mnie osobiście wybija, to mała powtarzalność - światła potrafią inaczej się zachowywać na bliźniaczych momentach"
51,2026-08-16 02:47:44,2026-08-16 02:52:05,anonymous,,Polski,Profesjonalne (pracuję w branży / realizuję światło lub dźwięk),Przynajmniej raz w miesiącu,2,2,2,2,2,2,2,2,2,2,2,2,2,2,2,2,2,2,2,2,2,2,2,2,2,2,2,2,2,2,Raczej tak,
52,2026-08-16 11:51:17,2026-08-16 11:56:53,anonymous,,Polski,Profesjonalne (pracuję w branży / realizuję światło lub dźwięk),Przynajmniej raz w miesiącu,2,3,2,3,2,2,2,1 - Bardzo słabe,2,3,3,3,2,3,2,3,2,2,2,2,3,2,2,2,2,2,3,2,2,2,Raczej nie,"Dziwne i często nielogiczne momenty zmiany kolorów. Brak płynności. Przejścia ""kwadratowe"". Potencjał może to ma ale aktualnie jest to nie nadające się do wykonów na żywo"
53,2026-08-18 21:26:36,2026-08-18 21:35:58,anonymous,,Polski,Brak (jestem po prostu odbiorcą / widzem),Kilka razy w roku,2,1 - Bardzo słabe,2,2,2,3,3,4,4,3,4,3,2,1 - Bardzo słabe,3,4,4,4,2,4,3,3,5 - Znakomite,4,4,4,5 - Znakomite,5 - Znakomite,4,5 - Znakomite,Raczej nie,
54,2026-08-27 16:26:07,2026-08-27 16:34:28,anonymous,,Polski,Brak (jestem po prostu odbiorcą / widzem),Kilka razy w roku,4,4,4,3,4,3,3,3,4,3,4,3,4,1 - Bardzo słabe,4,5 - Znakomite,4,4,4,5 - Znakomite,5 - Znakomite,5 - Znakomite,5 - Znakomite,4,4,4,2,3,1 - Bardzo słabe,2,Raczej tak,Wyjątkowo źle dobrane światła do AC DC 
55,2026-08-27 23:18:58,2026-08-27 23:23:33,anonymous,,Polski,Brak (jestem po prostu odbiorcą / widzem),Rzadziej niż raz w roku,1 - Bardzo słabe,2,2,3,2,4,4,5 - Znakomite,5 - Znakomite,5 - Znakomite,1 - Bardzo słabe,5 - Znakomite,5 - Znakomite,5 - Znakomite,5 - Znakomite,2,2,2,4,2,3,3,3,4,3,5 - Znakomite,5 - Znakomite,5 - Znakomite,4,5 - Znakomite,Tak,
56,2026-08-27 23:20:59,2026-08-27 23:26:15,anonymous,,Polski,"Hobbystyczne lub teoretyczne (interesuję się tym, mam podstawową wiedzę)",Kilka razy w roku,1 - Bardzo słabe,1 - Bardzo słabe,1 - Bardzo słabe,1 - Bardzo słabe,1 - Bardzo słabe,1 - Bardzo słabe,1 - Bardzo słabe,2,1 - Bardzo słabe,1 - Bardzo słabe,2,2,2,1 - Bardzo słabe,1 - Bardzo słabe,2,1 - Bardzo słabe,1 - Bardzo słabe,1 - Bardzo słabe,1 - Bardzo słabe,3,3,3,3,2,1 - Bardzo słabe,2,3,3,1 - Bardzo słabe,Raczej nie,"Za mało ruchu, za mało faktycznej synchronizacji z utworem. "
57,2026-08-27 23:19:31,2026-08-27 23:29:53,anonymous,,Polski,Brak (jestem po prostu odbiorcą / widzem),Kilka razy w roku,1 - Bardzo słabe,2,2,1 - Bardzo słabe,2,2,4,4,4,3,4,5 - Znakomite,5 - Znakomite,5 - Znakomite,5 - Znakomite,3,3,4,4,3,5 - Znakomite,5 - Znakomite,5 - Znakomite,4,5 - Znakomite,5 - Znakomite,5 - Znakomite,4,5 - Znakomite,5 - Znakomite,Tak,
58,2026-08-27 23:24:27,2026-08-27 23:30:25,anonymous,,Polski,Brak (jestem po prostu odbiorcą / widzem),Kilka razy w roku,4,1 - Bardzo słabe,3,4,3,4,3,4,3,4,4,5 - Znakomite,4,4,3,3,2,5 - Znakomite,4,2,4,5 - Znakomite,5 - Znakomite,4,4,4,5 - Znakomite,4,2,2,Raczej tak,
59,2026-08-27 23:25:09,2026-08-27 23:49:48,anonymous,,Polski,Brak (jestem po prostu odbiorcą / widzem),Kilka razy w roku,2,3,3,3,2,4,4,4,5 - Znakomite,4,4,4,5 - Znakomite,4,4,4,4,4,4,4,5 - Znakomite,4,4,4,4,5 - Znakomite,4,4,5 - Znakomite,5 - Znakomite,Raczej tak,
60,2026-08-27 23:34:24,2026-08-27 23:53:25,anonymous,,Polski,Brak (jestem po prostu odbiorcą / widzem),Kilka razy w roku,2,3,4,2,3,3,4,2,5 - Znakomite,4,2,4,4,4,3,3,4,3,4,2,3,4,5 - Znakomite,4,4,3,4,3,4,5 - Znakomite,Raczej tak,"Trochę płynność nie jest wystarczająca na samej symulacji, więc przez to faktycznie obraz może być odbierany jako nie do końca zgrywający się z rytmem, ale ogólnie jestem laikiem, więc nie do końca mam pojęcie o tym jak powinny takie symulacje wyglądać. Na pewno przyjemnie się to ogląda :) "
61,2026-08-28 00:01:11,2026-08-28 00:08:07,anonymous,,Polski,Brak (jestem po prostu odbiorcą / widzem),Rzadziej niż raz w roku,4,3,4,3,3,4,4,4,4,4,5 - Znakomite,5 - Znakomite,5 - Znakomite,4,5 - Znakomite,5 - Znakomite,5 - Znakomite,3,4,4,4,4,2,4,4,4,5 - Znakomite,5 - Znakomite,5 - Znakomite,5 - Znakomite,Raczej tak,
62,2026-08-28 00:29:28,2026-08-28 00:39:56,anonymous,,Polski,Brak (jestem po prostu odbiorcą / widzem),Rzadziej niż raz w roku,2,2,4,3,2,2,2,4,3,2,3,4,3,3,3,2,4,3,5 - Znakomite,3,4,3,3,2,3,2,2,2,2,2,Raczej nie,"Świetnie dobrana ścieżka muzyczna :p
Powodzenia!"
63,2026-08-28 01:00:27,2026-08-28 01:02:20,anonymous,,Polski,Brak (jestem po prostu odbiorcą / widzem),Kilka razy w roku,3,3,4,3,3,4,3,4,3,3,4,3,3,4,4,3,3,2,3,3,4,3,5 - Znakomite,3,3,4,5 - Znakomite,4,4,5 - Znakomite,Raczej tak,
64,2026-08-28 08:00:26,2026-08-28 08:05:52,anonymous,,Polski,Brak (jestem po prostu odbiorcą / widzem),Kilka razy w roku,2,2,3,3,4,4,4,5 - Znakomite,3,4,4,3,3,4,4,4,4,4,4,4,5 - Znakomite,3,4,3,4,4,3,4,5 - Znakomite,4,Tak,
